{"metadata":{"asset_id":"04209fda-6b2c-47e9-9f28-0b67ee25c488","asset_attributes":["data_asset"],"name":"dataset_desafio_2.csv","asset_type":"data_asset","created_at":"2020-08-16T16:09:15Z","description":"","origin_country":"us","owner_id":"IBMid-5500087RSE","project_id":"5f579ca7-0f03-4980-a18e-efd98ec016f8","size":1520235,"tags":[],"usage":{"last_update_time":1597594156974,"last_updated_at":"2020-08-16T16:09:16Z"}},"entity":{"data_asset":{"mime_type":"text/csv","dataset":false}},"attachments":[{"id":"07134a43-2de8-4c66-8662-ae8fd5c38f9d","version":2,"asset_type":"data_asset","name":"dataset_desafio_2.csv","mime":"text/csv","datasource_type":"193a97c1-4475-4a19-b90c-295c4fdc6517","object_key":"dataset_desafio_2.csv","creator_id":"iam-ServiceId-f49c5558-c247-4983-a04f-7d3c7a3d55da","create_time":1597594156902,"size":1520235,"is_remote":false,"is_managed":false,"is_referenced":true,"is_object_key_read_only":false,"is_user_provided_path_key":true,"transfer_complete":true,"is_partitioned":false,"complete_time_ticks":1597594156902,"user_data":{},"test_doc":0,"handle":{"bucket":"mbtc20202project-donotdelete-pr-qbfvvfyqcenaee","location":"eu-geo","key":"dataset_desafio_2.csv","upload_id":"done","max_part_num":1},"usage":{"access_count":0,"last_accessor_id":"iam-ServiceId-f49c5558-c247-4983-a04f-7d3c7a3d55da","last_access_time":1597594156902}}]}
