{"metadata":{"asset_id":"e5480840-bb5e-48ee-935f-bcc53f83ced1","asset_attributes":["notebook"],"name":"parte-2","asset_type":"notebook","created_at":"2020-08-16T16:09:17Z","description":"","origin_country":"us","owner_id":"IBMid-5500087RSE","project_id":"5f579ca7-0f03-4980-a18e-efd98ec016f8","size":24880,"tags":["notebook"],"usage":{"last_update_time":1597974684022,"last_updated_at":"2020-08-21T01:51:24Z"}},"entity":{"notebook":{"kernel":{"name":"python3","display_name":"Python 3.6","language":"python"},"originates_from":{"type":"file"},"runtime":{"environment":"conda2py36-5f579ca7-0f03-4980-a18e-efd98ec016f8"}}},"attachments":[{"id":"0845f643-c97d-4f73-8f99-2882bb41aeac","version":2,"asset_type":"notebook","name":"attachment for notebook e5480840-bb5e-48ee-935f-bcc53f83ced1","description":"attachment for notebook e5480840-bb5e-48ee-935f-bcc53f83ced1","mime":"application/json","datasource_type":"193a97c1-4475-4a19-b90c-295c4fdc6517","object_key":"notebook/parte-2_XvWXXx6YQ.ipynb","creator_id":"iam-ServiceId-9e68bc5f-c5f6-4f6f-8bcf-e57f47b9d1b1","create_time":1597594158117,"size":24880,"is_remote":false,"is_managed":false,"is_referenced":true,"is_object_key_read_only":false,"is_user_provided_path_key":true,"transfer_complete":true,"is_partitioned":false,"complete_time_ticks":1597594158117,"user_data":{},"test_doc":0,"handle":{"bucket":"mbtc20202project-donotdelete-pr-qbfvvfyqcenaee","location":"eu-geo","key":"notebook/parte-2_XvWXXx6YQ.ipynb","upload_id":"done","max_part_num":1},"usage":{"access_count":0,"last_accessor_id":"iam-ServiceId-9e68bc5f-c5f6-4f6f-8bcf-e57f47b9d1b1","last_access_time":1597594158117}}]}
